function,amount,time_seconds,version
generator_iter,10000000,12.847999811172485,2.7.18
generator_iter,10000000,14.657000064849854,2.7.18
generator_iter,10000000,14.220999956130981,2.7.18
generator_iter,10000000,11.541000127792358,2.7.18
generator_iter,10000000,14.348999977111816,2.7.18
generator_iter,10000000,13.509999990463257,2.7.18
generator_iter,10000000,12.281000137329102,2.7.18
generator_iter,10000000,11.968999862670898,2.7.18
generator_iter,10000000,12.135999917984009,2.7.18
generator_iter,10000000,14.933000087738037,2.7.18
generator_iter,10000000,12.847999811172485,2.7.18
generator_iter,10000000,14.657000064849854,2.7.18
generator_iter,10000000,14.220999956130981,2.7.18
generator_iter,10000000,11.541000127792358,2.7.18
generator_iter,10000000,14.348999977111816,2.7.18
generator_iter,10000000,13.509999990463257,2.7.18
generator_iter,10000000,12.281000137329102,2.7.18
generator_iter,10000000,11.968999862670898,2.7.18
generator_iter,10000000,12.135999917984009,2.7.18
generator_iter,10000000,14.933000087738037,2.7.18
generator_iter,10000000,12.847999811172485,2.7.18
generator_iter,10000000,14.657000064849854,2.7.18
generator_iter,10000000,14.220999956130981,2.7.18
generator_iter,10000000,11.541000127792358,2.7.18
generator_iter,10000000,14.348999977111816,2.7.18
generator_iter,10000000,13.509999990463257,2.7.18
generator_iter,10000000,12.281000137329102,2.7.18
generator_iter,10000000,11.968999862670898,2.7.18
generator_iter,10000000,12.135999917984009,2.7.18
generator_iter,10000000,14.933000087738037,2.7.18
generator_iter,10000000,12.847999811172485,2.7.18
generator_iter,10000000,14.657000064849854,2.7.18
generator_iter,10000000,14.220999956130981,2.7.18
generator_iter,10000000,11.541000127792358,2.7.18
generator_iter,10000000,14.348999977111816,2.7.18
generator_iter,10000000,13.509999990463257,2.7.18
generator_iter,10000000,12.281000137329102,2.7.18
generator_iter,10000000,11.968999862670898,2.7.18
generator_iter,10000000,12.135999917984009,2.7.18
generator_iter,10000000,14.933000087738037,2.7.18
generator_iter,10000000,12.847999811172485,2.7.18
generator_iter,10000000,14.657000064849854,2.7.18
generator_iter,10000000,14.220999956130981,2.7.18
generator_iter,10000000,11.541000127792358,2.7.18
generator_iter,10000000,14.348999977111816,2.7.18
generator_iter,10000000,13.509999990463257,2.7.18
generator_iter,10000000,12.281000137329102,2.7.18
generator_iter,10000000,11.968999862670898,2.7.18
generator_iter,10000000,12.135999917984009,2.7.18
generator_iter,10000000,14.933000087738037,2.7.18
generator_iter,10000000,12.847999811172485,2.7.18
generator_iter,10000000,14.657000064849854,2.7.18
generator_iter,10000000,14.220999956130981,2.7.18
generator_iter,10000000,11.541000127792358,2.7.18
generator_iter,10000000,14.348999977111816,2.7.18
generator_iter,10000000,13.509999990463257,2.7.18
generator_iter,10000000,12.281000137329102,2.7.18
generator_iter,10000000,11.968999862670898,2.7.18
generator_iter,10000000,12.135999917984009,2.7.18
generator_iter,10000000,14.933000087738037,2.7.18
generator_iter,10000000,12.847999811172485,2.7.18
generator_iter,10000000,14.657000064849854,2.7.18
generator_iter,10000000,14.220999956130981,2.7.18
generator_iter,10000000,11.541000127792358,2.7.18
generator_iter,10000000,14.348999977111816,2.7.18
generator_iter,10000000,13.509999990463257,2.7.18
generator_iter,10000000,12.281000137329102,2.7.18
generator_iter,10000000,11.968999862670898,2.7.18
generator_iter,10000000,12.135999917984009,2.7.18
generator_iter,10000000,14.933000087738037,2.7.18
generator_iter,10000000,12.847999811172485,2.7.18
generator_iter,10000000,14.657000064849854,2.7.18
generator_iter,10000000,14.220999956130981,2.7.18
generator_iter,10000000,11.541000127792358,2.7.18
generator_iter,10000000,14.348999977111816,2.7.18
generator_iter,10000000,13.509999990463257,2.7.18
generator_iter,10000000,12.281000137329102,2.7.18
generator_iter,10000000,11.968999862670898,2.7.18
generator_iter,10000000,12.135999917984009,2.7.18
generator_iter,10000000,14.933000087738037,2.7.18
generator_iter,10000000,12.847999811172485,2.7.18
generator_iter,10000000,14.657000064849854,2.7.18
generator_iter,10000000,14.220999956130981,2.7.18
generator_iter,10000000,11.541000127792358,2.7.18
generator_iter,10000000,14.348999977111816,2.7.18
generator_iter,10000000,13.509999990463257,2.7.18
generator_iter,10000000,12.281000137329102,2.7.18
generator_iter,10000000,11.968999862670898,2.7.18
generator_iter,10000000,12.135999917984009,2.7.18
generator_iter,10000000,14.933000087738037,2.7.18
generator_iter,10000000,12.847999811172485,2.7.18
generator_iter,10000000,14.657000064849854,2.7.18
generator_iter,10000000,14.220999956130981,2.7.18
generator_iter,10000000,11.541000127792358,2.7.18
generator_iter,10000000,14.348999977111816,2.7.18
generator_iter,10000000,13.509999990463257,2.7.18
generator_iter,10000000,12.281000137329102,2.7.18
generator_iter,10000000,11.968999862670898,2.7.18
generator_iter,10000000,12.135999917984009,2.7.18
generator_iter,10000000,14.933000087738037,2.7.18
generator_iter,10000000,64.6960000992,3.0.1
generator_iter,10000000,69.4440000057,3.0.1
generator_iter,10000000,62.1949999332,3.0.1
generator_iter,10000000,61.1150000095,3.0.1
generator_iter,10000000,59.2359998226,3.0.1
generator_iter,10000000,71.9300000668,3.0.1
generator_iter,10000000,69.4839999676,3.0.1
generator_iter,10000000,74.2369999886,3.0.1
generator_iter,10000000,82.0269999504,3.0.1
generator_iter,10000000,79.0979998112,3.0.1
generator_iter,10000000,64.6960000992,3.0.1
generator_iter,10000000,69.4440000057,3.0.1
generator_iter,10000000,62.1949999332,3.0.1
generator_iter,10000000,61.1150000095,3.0.1
generator_iter,10000000,59.2359998226,3.0.1
generator_iter,10000000,71.9300000668,3.0.1
generator_iter,10000000,69.4839999676,3.0.1
generator_iter,10000000,74.2369999886,3.0.1
generator_iter,10000000,82.0269999504,3.0.1
generator_iter,10000000,79.0979998112,3.0.1
generator_iter,10000000,64.6960000992,3.0.1
generator_iter,10000000,69.4440000057,3.0.1
generator_iter,10000000,62.1949999332,3.0.1
generator_iter,10000000,61.1150000095,3.0.1
generator_iter,10000000,59.2359998226,3.0.1
generator_iter,10000000,71.9300000668,3.0.1
generator_iter,10000000,69.4839999676,3.0.1
generator_iter,10000000,74.2369999886,3.0.1
generator_iter,10000000,82.0269999504,3.0.1
generator_iter,10000000,79.0979998112,3.0.1
generator_iter,10000000,64.6960000992,3.0.1
generator_iter,10000000,69.4440000057,3.0.1
generator_iter,10000000,62.1949999332,3.0.1
generator_iter,10000000,61.1150000095,3.0.1
generator_iter,10000000,59.2359998226,3.0.1
generator_iter,10000000,71.9300000668,3.0.1
generator_iter,10000000,69.4839999676,3.0.1
generator_iter,10000000,74.2369999886,3.0.1
generator_iter,10000000,82.0269999504,3.0.1
generator_iter,10000000,79.0979998112,3.0.1
generator_iter,10000000,64.6960000992,3.0.1
generator_iter,10000000,69.4440000057,3.0.1
generator_iter,10000000,62.1949999332,3.0.1
generator_iter,10000000,61.1150000095,3.0.1
generator_iter,10000000,59.2359998226,3.0.1
generator_iter,10000000,71.9300000668,3.0.1
generator_iter,10000000,69.4839999676,3.0.1
generator_iter,10000000,74.2369999886,3.0.1
generator_iter,10000000,82.0269999504,3.0.1
generator_iter,10000000,79.0979998112,3.0.1
generator_iter,10000000,64.6960000992,3.0.1
generator_iter,10000000,69.4440000057,3.0.1
generator_iter,10000000,62.1949999332,3.0.1
generator_iter,10000000,61.1150000095,3.0.1
generator_iter,10000000,59.2359998226,3.0.1
generator_iter,10000000,71.9300000668,3.0.1
generator_iter,10000000,69.4839999676,3.0.1
generator_iter,10000000,74.2369999886,3.0.1
generator_iter,10000000,82.0269999504,3.0.1
generator_iter,10000000,79.0979998112,3.0.1
generator_iter,10000000,64.6960000992,3.0.1
generator_iter,10000000,69.4440000057,3.0.1
generator_iter,10000000,62.1949999332,3.0.1
generator_iter,10000000,61.1150000095,3.0.1
generator_iter,10000000,59.2359998226,3.0.1
generator_iter,10000000,71.9300000668,3.0.1
generator_iter,10000000,69.4839999676,3.0.1
generator_iter,10000000,74.2369999886,3.0.1
generator_iter,10000000,82.0269999504,3.0.1
generator_iter,10000000,79.0979998112,3.0.1
generator_iter,10000000,64.6960000992,3.0.1
generator_iter,10000000,69.4440000057,3.0.1
generator_iter,10000000,62.1949999332,3.0.1
generator_iter,10000000,61.1150000095,3.0.1
generator_iter,10000000,59.2359998226,3.0.1
generator_iter,10000000,71.9300000668,3.0.1
generator_iter,10000000,69.4839999676,3.0.1
generator_iter,10000000,74.2369999886,3.0.1
generator_iter,10000000,82.0269999504,3.0.1
generator_iter,10000000,79.0979998112,3.0.1
generator_iter,10000000,64.6960000992,3.0.1
generator_iter,10000000,69.4440000057,3.0.1
generator_iter,10000000,62.1949999332,3.0.1
generator_iter,10000000,61.1150000095,3.0.1
generator_iter,10000000,59.2359998226,3.0.1
generator_iter,10000000,71.9300000668,3.0.1
generator_iter,10000000,69.4839999676,3.0.1
generator_iter,10000000,74.2369999886,3.0.1
generator_iter,10000000,82.0269999504,3.0.1
generator_iter,10000000,79.0979998112,3.0.1
generator_iter,10000000,64.6960000992,3.0.1
generator_iter,10000000,69.4440000057,3.0.1
generator_iter,10000000,62.1949999332,3.0.1
generator_iter,10000000,61.1150000095,3.0.1
generator_iter,10000000,59.2359998226,3.0.1
generator_iter,10000000,71.9300000668,3.0.1
generator_iter,10000000,69.4839999676,3.0.1
generator_iter,10000000,74.2369999886,3.0.1
generator_iter,10000000,82.0269999504,3.0.1
generator_iter,10000000,79.0979998112,3.0.1
generator_iter,10000000,29.12305122312,3.1.4
generator_iter,10000000,36.5669999123,3.1.4
generator_iter,10000000,32.0210001469,3.1.4
generator_iter,10000000,28.6589999199,3.1.4
generator_iter,10000000,28.6879999638,3.1.4
generator_iter,10000000,29.135999918,3.1.4
generator_iter,10000000,28.5820000172,3.1.4
generator_iter,10000000,28.486000061,3.1.4
generator_iter,10000000,28.7699999809,3.1.4
generator_iter,10000000,28.5050001144,3.1.4
generator_iter,10000000,33.0,3.1.4
generator_iter,10000000,36.5669999123,3.1.4
generator_iter,10000000,32.0210001469,3.1.4
generator_iter,10000000,28.6589999199,3.1.4
generator_iter,10000000,28.6879999638,3.1.4
generator_iter,10000000,29.135999918,3.1.4
generator_iter,10000000,28.5820000172,3.1.4
generator_iter,10000000,28.486000061,3.1.4
generator_iter,10000000,28.7699999809,3.1.4
generator_iter,10000000,28.5050001144,3.1.4
generator_iter,10000000,23.2132131212313,3.1.4
generator_iter,10000000,36.5669999123,3.1.4
generator_iter,10000000,32.0210001469,3.1.4
generator_iter,10000000,28.6589999199,3.1.4
generator_iter,10000000,28.6879999638,3.1.4
generator_iter,10000000,29.135999918,3.1.4
generator_iter,10000000,28.5820000172,3.1.4
generator_iter,10000000,28.486000061,3.1.4
generator_iter,10000000,28.7699999809,3.1.4
generator_iter,10000000,28.5050001144,3.1.4
generator_iter,10000000,30.122,3.1.4
generator_iter,10000000,36.5669999123,3.1.4
generator_iter,10000000,32.0210001469,3.1.4
generator_iter,10000000,28.6589999199,3.1.4
generator_iter,10000000,28.6879999638,3.1.4
generator_iter,10000000,29.135999918,3.1.4
generator_iter,10000000,28.5820000172,3.1.4
generator_iter,10000000,28.486000061,3.1.4
generator_iter,10000000,28.7699999809,3.1.4
generator_iter,10000000,28.5050001144,3.1.4
generator_iter,10000000,29.123610123441,3.1.4
generator_iter,10000000,36.5669999123,3.1.4
generator_iter,10000000,32.0210001469,3.1.4
generator_iter,10000000,28.6589999199,3.1.4
generator_iter,10000000,28.6879999638,3.1.4
generator_iter,10000000,29.135999918,3.1.4
generator_iter,10000000,28.5820000172,3.1.4
generator_iter,10000000,28.486000061,3.1.4
generator_iter,10000000,28.7699999809,3.1.4
generator_iter,10000000,28.5050001144,3.1.4
generator_iter,10000000,31.0213721,3.1.4
generator_iter,10000000,36.5669999123,3.1.4
generator_iter,10000000,32.0210001469,3.1.4
generator_iter,10000000,28.6589999199,3.1.4
generator_iter,10000000,28.6879999638,3.1.4
generator_iter,10000000,29.135999918,3.1.4
generator_iter,10000000,28.5820000172,3.1.4
generator_iter,10000000,28.486000061,3.1.4
generator_iter,10000000,28.7699999809,3.1.4
generator_iter,10000000,28.5050001144,3.1.4
generator_iter,10000000,29.0,3.1.4
generator_iter,10000000,36.5669999123,3.1.4
generator_iter,10000000,32.0210001469,3.1.4
generator_iter,10000000,28.6589999199,3.1.4
generator_iter,10000000,28.6879999638,3.1.4
generator_iter,10000000,29.135999918,3.1.4
generator_iter,10000000,28.5820000172,3.1.4
generator_iter,10000000,28.486000061,3.1.4
generator_iter,10000000,28.7699999809,3.1.4
generator_iter,10000000,28.5050001144,3.1.4
generator_iter,10000000,29.123012381,3.1.4
generator_iter,10000000,36.5669999123,3.1.4
generator_iter,10000000,32.0210001469,3.1.4
generator_iter,10000000,28.6589999199,3.1.4
generator_iter,10000000,28.6879999638,3.1.4
generator_iter,10000000,29.135999918,3.1.4
generator_iter,10000000,28.5820000172,3.1.4
generator_iter,10000000,28.486000061,3.1.4
generator_iter,10000000,28.7699999809,3.1.4
generator_iter,10000000,28.5050001144,3.1.4
generator_iter,10000000,29.023124712,3.1.4
generator_iter,10000000,36.5669999123,3.1.4
generator_iter,10000000,32.0210001469,3.1.4
generator_iter,10000000,28.6589999199,3.1.4
generator_iter,10000000,28.6879999638,3.1.4
generator_iter,10000000,29.135999918,3.1.4
generator_iter,10000000,28.5820000172,3.1.4
generator_iter,10000000,28.486000061,3.1.4
generator_iter,10000000,28.7699999809,3.1.4
generator_iter,10000000,28.5050001144,3.1.4
generator_iter,10000000,41.21600008010864,3.2.5
generator_iter,10000000,46.16199994087219,3.2.5
generator_iter,10000000,49.38599991798401,3.2.5
generator_iter,10000000,41.46500015258789,3.2.5
generator_iter,10000000,47.18400001525879,3.2.5
generator_iter,10000000,41.263999938964844,3.2.5
generator_iter,10000000,40.05400013923645,3.2.5
generator_iter,10000000,44.30299997329712,3.2.5
generator_iter,10000000,46.223999977111816,3.2.5
generator_iter,10000000,41.21600008010864,3.2.5
generator_iter,10000000,46.16199994087219,3.2.5
generator_iter,10000000,49.38599991798401,3.2.5
generator_iter,10000000,41.46500015258789,3.2.5
generator_iter,10000000,47.18400001525879,3.2.5
generator_iter,10000000,41.263999938964844,3.2.5
generator_iter,10000000,40.05400013923645,3.2.5
generator_iter,10000000,44.30299997329712,3.2.5
generator_iter,10000000,46.223999977111816,3.2.5
generator_iter,10000000,41.21600008010864,3.2.5
generator_iter,10000000,46.16199994087219,3.2.5
generator_iter,10000000,49.38599991798401,3.2.5
generator_iter,10000000,41.46500015258789,3.2.5
generator_iter,10000000,47.18400001525879,3.2.5
generator_iter,10000000,41.263999938964844,3.2.5
generator_iter,10000000,40.05400013923645,3.2.5
generator_iter,10000000,44.30299997329712,3.2.5
generator_iter,10000000,46.223999977111816,3.2.5
generator_iter,10000000,41.21600008010864,3.2.5
generator_iter,10000000,46.16199994087219,3.2.5
generator_iter,10000000,49.38599991798401,3.2.5
generator_iter,10000000,41.46500015258789,3.2.5
generator_iter,10000000,47.18400001525879,3.2.5
generator_iter,10000000,41.263999938964844,3.2.5
generator_iter,10000000,40.05400013923645,3.2.5
generator_iter,10000000,44.30299997329712,3.2.5
generator_iter,10000000,46.223999977111816,3.2.5
generator_iter,10000000,41.21600008010864,3.2.5
generator_iter,10000000,46.16199994087219,3.2.5
generator_iter,10000000,49.38599991798401,3.2.5
generator_iter,10000000,41.46500015258789,3.2.5
generator_iter,10000000,47.18400001525879,3.2.5
generator_iter,10000000,41.263999938964844,3.2.5
generator_iter,10000000,40.05400013923645,3.2.5
generator_iter,10000000,44.30299997329712,3.2.5
generator_iter,10000000,46.223999977111816,3.2.5
generator_iter,10000000,41.21600008010864,3.2.5
generator_iter,10000000,46.16199994087219,3.2.5
generator_iter,10000000,49.38599991798401,3.2.5
generator_iter,10000000,41.46500015258789,3.2.5
generator_iter,10000000,47.18400001525879,3.2.5
generator_iter,10000000,41.263999938964844,3.2.5
generator_iter,10000000,40.05400013923645,3.2.5
generator_iter,10000000,44.30299997329712,3.2.5
generator_iter,10000000,46.223999977111816,3.2.5
generator_iter,10000000,41.21600008010864,3.2.5
generator_iter,10000000,46.16199994087219,3.2.5
generator_iter,10000000,49.38599991798401,3.2.5
generator_iter,10000000,41.46500015258789,3.2.5
generator_iter,10000000,47.18400001525879,3.2.5
generator_iter,10000000,41.263999938964844,3.2.5
generator_iter,10000000,40.05400013923645,3.2.5
generator_iter,10000000,44.30299997329712,3.2.5
generator_iter,10000000,46.223999977111816,3.2.5
generator_iter,10000000,41.21600008010864,3.2.5
generator_iter,10000000,46.16199994087219,3.2.5
generator_iter,10000000,49.38599991798401,3.2.5
generator_iter,10000000,41.46500015258789,3.2.5
generator_iter,10000000,47.18400001525879,3.2.5
generator_iter,10000000,41.263999938964844,3.2.5
generator_iter,10000000,40.05400013923645,3.2.5
generator_iter,10000000,44.30299997329712,3.2.5
generator_iter,10000000,46.223999977111816,3.2.5
generator_iter,10000000,41.21600008010864,3.2.5
generator_iter,10000000,46.16199994087219,3.2.5
generator_iter,10000000,49.38599991798401,3.2.5
generator_iter,10000000,41.46500015258789,3.2.5
generator_iter,10000000,47.18400001525879,3.2.5
generator_iter,10000000,41.263999938964844,3.2.5
generator_iter,10000000,40.05400013923645,3.2.5
generator_iter,10000000,44.30299997329712,3.2.5
generator_iter,10000000,46.223999977111816,3.2.5
generator_iter,10000000,41.21600008010864,3.2.5
generator_iter,10000000,46.16199994087219,3.2.5
generator_iter,10000000,49.38599991798401,3.2.5
generator_iter,10000000,41.46500015258789,3.2.5
generator_iter,10000000,47.18400001525879,3.2.5
generator_iter,10000000,41.263999938964844,3.2.5
generator_iter,10000000,40.05400013923645,3.2.5
generator_iter,10000000,44.30299997329712,3.2.5
generator_iter,10000000,46.223999977111816,3.2.5
generator_iter,10000000,48.984999895095825,3.2.5
generator_iter,10000000,53.82543897628784,3.3.5
generator_iter,10000000,44.40133094787598,3.3.5
generator_iter,10000000,44.20959806442261,3.3.5
generator_iter,10000000,40.23076105117798,3.3.5
generator_iter,10000000,37.20386505126953,3.3.5
generator_iter,10000000,37.46658205986023,3.3.5
generator_iter,10000000,37.475587129592896,3.3.5
generator_iter,10000000,34.757574796676636,3.3.5
generator_iter,10000000,34.01999807357788,3.3.5
generator_iter,10000000,38.47265887260437,3.3.5
generator_iter,10000000,53.82543897628784,3.3.5
generator_iter,10000000,44.40133094787598,3.3.5
generator_iter,10000000,44.20959806442261,3.3.5
generator_iter,10000000,40.23076105117798,3.3.5
generator_iter,10000000,37.20386505126953,3.3.5
generator_iter,10000000,37.46658205986023,3.3.5
generator_iter,10000000,37.475587129592896,3.3.5
generator_iter,10000000,34.757574796676636,3.3.5
generator_iter,10000000,34.01999807357788,3.3.5
generator_iter,10000000,38.47265887260437,3.3.5
generator_iter,10000000,53.82543897628784,3.3.5
generator_iter,10000000,44.40133094787598,3.3.5
generator_iter,10000000,44.20959806442261,3.3.5
generator_iter,10000000,40.23076105117798,3.3.5
generator_iter,10000000,37.20386505126953,3.3.5
generator_iter,10000000,37.46658205986023,3.3.5
generator_iter,10000000,37.475587129592896,3.3.5
generator_iter,10000000,34.757574796676636,3.3.5
generator_iter,10000000,34.01999807357788,3.3.5
generator_iter,10000000,38.47265887260437,3.3.5
generator_iter,10000000,53.82543897628784,3.3.5
generator_iter,10000000,44.40133094787598,3.3.5
generator_iter,10000000,44.20959806442261,3.3.5
generator_iter,10000000,40.23076105117798,3.3.5
generator_iter,10000000,37.20386505126953,3.3.5
generator_iter,10000000,37.46658205986023,3.3.5
generator_iter,10000000,37.475587129592896,3.3.5
generator_iter,10000000,34.757574796676636,3.3.5
generator_iter,10000000,34.01999807357788,3.3.5
generator_iter,10000000,38.47265887260437,3.3.5
generator_iter,10000000,53.82543897628784,3.3.5
generator_iter,10000000,44.40133094787598,3.3.5
generator_iter,10000000,44.20959806442261,3.3.5
generator_iter,10000000,40.23076105117798,3.3.5
generator_iter,10000000,37.20386505126953,3.3.5
generator_iter,10000000,37.46658205986023,3.3.5
generator_iter,10000000,37.475587129592896,3.3.5
generator_iter,10000000,34.757574796676636,3.3.5
generator_iter,10000000,34.01999807357788,3.3.5
generator_iter,10000000,38.47265887260437,3.3.5
generator_iter,10000000,53.82543897628784,3.3.5
generator_iter,10000000,44.40133094787598,3.3.5
generator_iter,10000000,44.20959806442261,3.3.5
generator_iter,10000000,40.23076105117798,3.3.5
generator_iter,10000000,37.20386505126953,3.3.5
generator_iter,10000000,37.46658205986023,3.3.5
generator_iter,10000000,37.475587129592896,3.3.5
generator_iter,10000000,34.757574796676636,3.3.5
generator_iter,10000000,34.01999807357788,3.3.5
generator_iter,10000000,38.47265887260437,3.3.5
generator_iter,10000000,53.82543897628784,3.3.5
generator_iter,10000000,44.40133094787598,3.3.5
generator_iter,10000000,44.20959806442261,3.3.5
generator_iter,10000000,40.23076105117798,3.3.5
generator_iter,10000000,37.20386505126953,3.3.5
generator_iter,10000000,37.46658205986023,3.3.5
generator_iter,10000000,37.475587129592896,3.3.5
generator_iter,10000000,34.757574796676636,3.3.5
generator_iter,10000000,34.01999807357788,3.3.5
generator_iter,10000000,38.47265887260437,3.3.5
generator_iter,10000000,53.82543897628784,3.3.5
generator_iter,10000000,44.40133094787598,3.3.5
generator_iter,10000000,44.20959806442261,3.3.5
generator_iter,10000000,40.23076105117798,3.3.5
generator_iter,10000000,37.20386505126953,3.3.5
generator_iter,10000000,37.46658205986023,3.3.5
generator_iter,10000000,37.475587129592896,3.3.5
generator_iter,10000000,34.757574796676636,3.3.5
generator_iter,10000000,34.01999807357788,3.3.5
generator_iter,10000000,38.47265887260437,3.3.5
generator_iter,10000000,53.82543897628784,3.3.5
generator_iter,10000000,44.40133094787598,3.3.5
generator_iter,10000000,44.20959806442261,3.3.5
generator_iter,10000000,40.23076105117798,3.3.5
generator_iter,10000000,37.20386505126953,3.3.5
generator_iter,10000000,37.46658205986023,3.3.5
generator_iter,10000000,37.475587129592896,3.3.5
generator_iter,10000000,34.757574796676636,3.3.5
generator_iter,10000000,34.01999807357788,3.3.5
generator_iter,10000000,38.47265887260437,3.3.5
generator_iter,10000000,53.82543897628784,3.3.5
generator_iter,10000000,44.40133094787598,3.3.5
generator_iter,10000000,44.20959806442261,3.3.5
generator_iter,10000000,40.23076105117798,3.3.5
generator_iter,10000000,37.20386505126953,3.3.5
generator_iter,10000000,37.46658205986023,3.3.5
generator_iter,10000000,37.475587129592896,3.3.5
generator_iter,10000000,34.757574796676636,3.3.5
generator_iter,10000000,34.01999807357788,3.3.5
generator_iter,10000000,38.47265887260437,3.3.5
generator_iter,10000000,32.976675033569336,3.4.4
generator_iter,10000000,31.909558057785034,3.4.4
generator_iter,10000000,35.846229791641235,3.4.4
generator_iter,10000000,34.190279960632324,3.4.4
generator_iter,10000000,33.48597812652588,3.4.4
generator_iter,10000000,33.33354997634888,3.4.4
generator_iter,10000000,33.71923899650574,3.4.4
generator_iter,10000000,33.96251201629639,3.4.4
generator_iter,10000000,33.24705719947815,3.4.4
generator_iter,10000000,34.76715898513794,3.4.4
generator_iter,10000000,32.976675033569336,3.4.4
generator_iter,10000000,31.909558057785034,3.4.4
generator_iter,10000000,35.846229791641235,3.4.4
generator_iter,10000000,34.190279960632324,3.4.4
generator_iter,10000000,33.48597812652588,3.4.4
generator_iter,10000000,33.33354997634888,3.4.4
generator_iter,10000000,33.71923899650574,3.4.4
generator_iter,10000000,33.96251201629639,3.4.4
generator_iter,10000000,33.24705719947815,3.4.4
generator_iter,10000000,34.76715898513794,3.4.4
generator_iter,10000000,32.976675033569336,3.4.4
generator_iter,10000000,31.909558057785034,3.4.4
generator_iter,10000000,35.846229791641235,3.4.4
generator_iter,10000000,34.190279960632324,3.4.4
generator_iter,10000000,33.48597812652588,3.4.4
generator_iter,10000000,33.33354997634888,3.4.4
generator_iter,10000000,33.71923899650574,3.4.4
generator_iter,10000000,33.96251201629639,3.4.4
generator_iter,10000000,33.24705719947815,3.4.4
generator_iter,10000000,34.76715898513794,3.4.4
generator_iter,10000000,32.976675033569336,3.4.4
generator_iter,10000000,31.909558057785034,3.4.4
generator_iter,10000000,35.846229791641235,3.4.4
generator_iter,10000000,34.190279960632324,3.4.4
generator_iter,10000000,33.48597812652588,3.4.4
generator_iter,10000000,33.33354997634888,3.4.4
generator_iter,10000000,33.71923899650574,3.4.4
generator_iter,10000000,33.96251201629639,3.4.4
generator_iter,10000000,33.24705719947815,3.4.4
generator_iter,10000000,34.76715898513794,3.4.4
generator_iter,10000000,32.976675033569336,3.4.4
generator_iter,10000000,31.909558057785034,3.4.4
generator_iter,10000000,35.846229791641235,3.4.4
generator_iter,10000000,34.190279960632324,3.4.4
generator_iter,10000000,33.48597812652588,3.4.4
generator_iter,10000000,33.33354997634888,3.4.4
generator_iter,10000000,33.71923899650574,3.4.4
generator_iter,10000000,33.96251201629639,3.4.4
generator_iter,10000000,33.24705719947815,3.4.4
generator_iter,10000000,34.76715898513794,3.4.4
generator_iter,10000000,32.976675033569336,3.4.4
generator_iter,10000000,31.909558057785034,3.4.4
generator_iter,10000000,35.846229791641235,3.4.4
generator_iter,10000000,34.190279960632324,3.4.4
generator_iter,10000000,33.48597812652588,3.4.4
generator_iter,10000000,33.33354997634888,3.4.4
generator_iter,10000000,33.71923899650574,3.4.4
generator_iter,10000000,33.96251201629639,3.4.4
generator_iter,10000000,33.24705719947815,3.4.4
generator_iter,10000000,34.76715898513794,3.4.4
generator_iter,10000000,32.976675033569336,3.4.4
generator_iter,10000000,31.909558057785034,3.4.4
generator_iter,10000000,35.846229791641235,3.4.4
generator_iter,10000000,34.190279960632324,3.4.4
generator_iter,10000000,33.48597812652588,3.4.4
generator_iter,10000000,33.33354997634888,3.4.4
generator_iter,10000000,33.71923899650574,3.4.4
generator_iter,10000000,33.96251201629639,3.4.4
generator_iter,10000000,33.24705719947815,3.4.4
generator_iter,10000000,34.76715898513794,3.4.4
generator_iter,10000000,32.976675033569336,3.4.4
generator_iter,10000000,31.909558057785034,3.4.4
generator_iter,10000000,35.846229791641235,3.4.4
generator_iter,10000000,34.190279960632324,3.4.4
generator_iter,10000000,33.48597812652588,3.4.4
generator_iter,10000000,33.33354997634888,3.4.4
generator_iter,10000000,33.71923899650574,3.4.4
generator_iter,10000000,33.96251201629639,3.4.4
generator_iter,10000000,33.24705719947815,3.4.4
generator_iter,10000000,34.76715898513794,3.4.4
generator_iter,10000000,32.976675033569336,3.4.4
generator_iter,10000000,31.909558057785034,3.4.4
generator_iter,10000000,35.846229791641235,3.4.4
generator_iter,10000000,34.190279960632324,3.4.4
generator_iter,10000000,33.48597812652588,3.4.4
generator_iter,10000000,33.33354997634888,3.4.4
generator_iter,10000000,33.71923899650574,3.4.4
generator_iter,10000000,33.96251201629639,3.4.4
generator_iter,10000000,33.24705719947815,3.4.4
generator_iter,10000000,34.76715898513794,3.4.4
generator_iter,10000000,35.835108518600464,3.5.4
generator_iter,10000000,33.46572518348694,3.5.4
generator_iter,10000000,30.216591596603394,3.5.4
generator_iter,10000000,33.089284896850586,3.5.4
generator_iter,10000000,31.153956174850464,3.5.4
generator_iter,10000000,30.350571632385254,3.5.4
generator_iter,10000000,29.07873511314392,3.5.4
generator_iter,10000000,29.101059675216675,3.5.4
generator_iter,10000000,29.794880867004395,3.5.4
generator_iter,10000000,34.04241728782654,3.5.4
generator_iter,10000000,35.835108518600464,3.5.4
generator_iter,10000000,33.46572518348694,3.5.4
generator_iter,10000000,30.216591596603394,3.5.4
generator_iter,10000000,33.089284896850586,3.5.4
generator_iter,10000000,31.153956174850464,3.5.4
generator_iter,10000000,30.350571632385254,3.5.4
generator_iter,10000000,29.07873511314392,3.5.4
generator_iter,10000000,29.101059675216675,3.5.4
generator_iter,10000000,29.794880867004395,3.5.4
generator_iter,10000000,34.04241728782654,3.5.4
generator_iter,10000000,35.835108518600464,3.5.4
generator_iter,10000000,33.46572518348694,3.5.4
generator_iter,10000000,30.216591596603394,3.5.4
generator_iter,10000000,33.089284896850586,3.5.4
generator_iter,10000000,31.153956174850464,3.5.4
generator_iter,10000000,30.350571632385254,3.5.4
generator_iter,10000000,29.07873511314392,3.5.4
generator_iter,10000000,29.101059675216675,3.5.4
generator_iter,10000000,29.794880867004395,3.5.4
generator_iter,10000000,34.04241728782654,3.5.4
generator_iter,10000000,35.835108518600464,3.5.4
generator_iter,10000000,33.46572518348694,3.5.4
generator_iter,10000000,30.216591596603394,3.5.4
generator_iter,10000000,33.089284896850586,3.5.4
generator_iter,10000000,31.153956174850464,3.5.4
generator_iter,10000000,30.350571632385254,3.5.4
generator_iter,10000000,29.07873511314392,3.5.4
generator_iter,10000000,29.101059675216675,3.5.4
generator_iter,10000000,29.794880867004395,3.5.4
generator_iter,10000000,34.04241728782654,3.5.4
generator_iter,10000000,35.835108518600464,3.5.4
generator_iter,10000000,33.46572518348694,3.5.4
generator_iter,10000000,30.216591596603394,3.5.4
generator_iter,10000000,33.089284896850586,3.5.4
generator_iter,10000000,31.153956174850464,3.5.4
generator_iter,10000000,30.350571632385254,3.5.4
generator_iter,10000000,29.07873511314392,3.5.4
generator_iter,10000000,29.101059675216675,3.5.4
generator_iter,10000000,29.794880867004395,3.5.4
generator_iter,10000000,34.04241728782654,3.5.4
generator_iter,10000000,35.835108518600464,3.5.4
generator_iter,10000000,33.46572518348694,3.5.4
generator_iter,10000000,30.216591596603394,3.5.4
generator_iter,10000000,33.089284896850586,3.5.4
generator_iter,10000000,31.153956174850464,3.5.4
generator_iter,10000000,30.350571632385254,3.5.4
generator_iter,10000000,29.07873511314392,3.5.4
generator_iter,10000000,29.101059675216675,3.5.4
generator_iter,10000000,29.794880867004395,3.5.4
generator_iter,10000000,34.04241728782654,3.5.4
generator_iter,10000000,35.835108518600464,3.5.4
generator_iter,10000000,33.46572518348694,3.5.4
generator_iter,10000000,30.216591596603394,3.5.4
generator_iter,10000000,33.089284896850586,3.5.4
generator_iter,10000000,31.153956174850464,3.5.4
generator_iter,10000000,30.350571632385254,3.5.4
generator_iter,10000000,29.07873511314392,3.5.4
generator_iter,10000000,29.101059675216675,3.5.4
generator_iter,10000000,29.794880867004395,3.5.4
generator_iter,10000000,34.04241728782654,3.5.4
generator_iter,10000000,35.835108518600464,3.5.4
generator_iter,10000000,33.46572518348694,3.5.4
generator_iter,10000000,30.216591596603394,3.5.4
generator_iter,10000000,33.089284896850586,3.5.4
generator_iter,10000000,31.153956174850464,3.5.4
generator_iter,10000000,30.350571632385254,3.5.4
generator_iter,10000000,29.07873511314392,3.5.4
generator_iter,10000000,29.101059675216675,3.5.4
generator_iter,10000000,29.794880867004395,3.5.4
generator_iter,10000000,34.04241728782654,3.5.4
generator_iter,10000000,35.835108518600464,3.5.4
generator_iter,10000000,33.46572518348694,3.5.4
generator_iter,10000000,30.216591596603394,3.5.4
generator_iter,10000000,33.089284896850586,3.5.4
generator_iter,10000000,31.153956174850464,3.5.4
generator_iter,10000000,30.350571632385254,3.5.4
generator_iter,10000000,29.07873511314392,3.5.4
generator_iter,10000000,29.101059675216675,3.5.4
generator_iter,10000000,29.794880867004395,3.5.4
generator_iter,10000000,34.04241728782654,3.5.4
generator_iter,10000000,35.835108518600464,3.5.4
generator_iter,10000000,33.46572518348694,3.5.4
generator_iter,10000000,30.216591596603394,3.5.4
generator_iter,10000000,33.089284896850586,3.5.4
generator_iter,10000000,31.153956174850464,3.5.4
generator_iter,10000000,30.350571632385254,3.5.4
generator_iter,10000000,29.07873511314392,3.5.4
generator_iter,10000000,29.101059675216675,3.5.4
generator_iter,10000000,29.794880867004395,3.5.4
generator_iter,10000000,34.04241728782654,3.5.4
generator_iter,10000000,30.20653009414673,3.6.8
generator_iter,10000000,28.651040077209473,3.6.8
generator_iter,10000000,30.38919425010681,3.6.8
generator_iter,10000000,29.300385236740112,3.6.8
generator_iter,10000000,29.591579914093018,3.6.8
generator_iter,10000000,28.694006204605103,3.6.8
generator_iter,10000000,29.31594181060791,3.6.8
generator_iter,10000000,28.130995988845825,3.6.8
generator_iter,10000000,28.421586275100708,3.6.8
generator_iter,10000000,28.564767122268677,3.6.8
generator_iter,10000000,30.20653009414673,3.6.8
generator_iter,10000000,28.651040077209473,3.6.8
generator_iter,10000000,30.38919425010681,3.6.8
generator_iter,10000000,29.300385236740112,3.6.8
generator_iter,10000000,29.591579914093018,3.6.8
generator_iter,10000000,28.694006204605103,3.6.8
generator_iter,10000000,29.31594181060791,3.6.8
generator_iter,10000000,28.130995988845825,3.6.8
generator_iter,10000000,28.421586275100708,3.6.8
generator_iter,10000000,28.564767122268677,3.6.8
generator_iter,10000000,30.20653009414673,3.6.8
generator_iter,10000000,28.651040077209473,3.6.8
generator_iter,10000000,30.38919425010681,3.6.8
generator_iter,10000000,29.300385236740112,3.6.8
generator_iter,10000000,29.591579914093018,3.6.8
generator_iter,10000000,28.694006204605103,3.6.8
generator_iter,10000000,29.31594181060791,3.6.8
generator_iter,10000000,28.130995988845825,3.6.8
generator_iter,10000000,28.421586275100708,3.6.8
generator_iter,10000000,28.564767122268677,3.6.8
generator_iter,10000000,30.20653009414673,3.6.8
generator_iter,10000000,28.651040077209473,3.6.8
generator_iter,10000000,30.38919425010681,3.6.8
generator_iter,10000000,29.300385236740112,3.6.8
generator_iter,10000000,29.591579914093018,3.6.8
generator_iter,10000000,28.694006204605103,3.6.8
generator_iter,10000000,29.31594181060791,3.6.8
generator_iter,10000000,28.130995988845825,3.6.8
generator_iter,10000000,28.421586275100708,3.6.8
generator_iter,10000000,28.564767122268677,3.6.8
generator_iter,10000000,30.20653009414673,3.6.8
generator_iter,10000000,28.651040077209473,3.6.8
generator_iter,10000000,30.38919425010681,3.6.8
generator_iter,10000000,29.300385236740112,3.6.8
generator_iter,10000000,29.591579914093018,3.6.8
generator_iter,10000000,28.694006204605103,3.6.8
generator_iter,10000000,29.31594181060791,3.6.8
generator_iter,10000000,28.130995988845825,3.6.8
generator_iter,10000000,28.421586275100708,3.6.8
generator_iter,10000000,28.564767122268677,3.6.8
generator_iter,10000000,30.20653009414673,3.6.8
generator_iter,10000000,28.651040077209473,3.6.8
generator_iter,10000000,30.38919425010681,3.6.8
generator_iter,10000000,29.300385236740112,3.6.8
generator_iter,10000000,29.591579914093018,3.6.8
generator_iter,10000000,28.694006204605103,3.6.8
generator_iter,10000000,29.31594181060791,3.6.8
generator_iter,10000000,28.130995988845825,3.6.8
generator_iter,10000000,28.421586275100708,3.6.8
generator_iter,10000000,28.564767122268677,3.6.8
generator_iter,10000000,30.20653009414673,3.6.8
generator_iter,10000000,28.651040077209473,3.6.8
generator_iter,10000000,30.38919425010681,3.6.8
generator_iter,10000000,29.300385236740112,3.6.8
generator_iter,10000000,29.591579914093018,3.6.8
generator_iter,10000000,28.694006204605103,3.6.8
generator_iter,10000000,29.31594181060791,3.6.8
generator_iter,10000000,28.130995988845825,3.6.8
generator_iter,10000000,28.421586275100708,3.6.8
generator_iter,10000000,28.564767122268677,3.6.8
generator_iter,10000000,30.20653009414673,3.6.8
generator_iter,10000000,28.651040077209473,3.6.8
generator_iter,10000000,30.38919425010681,3.6.8
generator_iter,10000000,29.300385236740112,3.6.8
generator_iter,10000000,29.591579914093018,3.6.8
generator_iter,10000000,28.694006204605103,3.6.8
generator_iter,10000000,29.31594181060791,3.6.8
generator_iter,10000000,28.130995988845825,3.6.8
generator_iter,10000000,28.421586275100708,3.6.8
generator_iter,10000000,28.564767122268677,3.6.8
generator_iter,10000000,30.20653009414673,3.6.8
generator_iter,10000000,28.651040077209473,3.6.8
generator_iter,10000000,30.38919425010681,3.6.8
generator_iter,10000000,29.300385236740112,3.6.8
generator_iter,10000000,29.591579914093018,3.6.8
generator_iter,10000000,28.694006204605103,3.6.8
generator_iter,10000000,29.31594181060791,3.6.8
generator_iter,10000000,28.130995988845825,3.6.8
generator_iter,10000000,28.421586275100708,3.6.8
generator_iter,10000000,28.564767122268677,3.6.8
generator_iter,10000000,30.20653009414673,3.6.8
generator_iter,10000000,28.651040077209473,3.6.8
generator_iter,10000000,30.38919425010681,3.6.8
generator_iter,10000000,29.300385236740112,3.6.8
generator_iter,10000000,29.591579914093018,3.6.8
generator_iter,10000000,28.694006204605103,3.6.8
generator_iter,10000000,29.31594181060791,3.6.8
generator_iter,10000000,28.130995988845825,3.6.8
generator_iter,10000000,28.421586275100708,3.6.8
generator_iter,10000000,28.564767122268677,3.6.8
generator_iter,10000000,23.25006914138794,3.7.9
generator_iter,10000000,21.442169666290283,3.7.9
generator_iter,10000000,20.546717882156372,3.7.9
generator_iter,10000000,22.513907194137573,3.7.9
generator_iter,10000000,21.682530164718628,3.7.9
generator_iter,10000000,22.126255750656128,3.7.9
generator_iter,10000000,20.882546424865723,3.7.9
generator_iter,10000000,23.034374952316284,3.7.9
generator_iter,10000000,20.9106605052948,3.7.9
generator_iter,10000000,20.777786254882812,3.7.9
generator_iter,10000000,23.25006914138794,3.7.9
generator_iter,10000000,21.442169666290283,3.7.9
generator_iter,10000000,20.546717882156372,3.7.9
generator_iter,10000000,22.513907194137573,3.7.9
generator_iter,10000000,21.682530164718628,3.7.9
generator_iter,10000000,22.126255750656128,3.7.9
generator_iter,10000000,20.882546424865723,3.7.9
generator_iter,10000000,23.034374952316284,3.7.9
generator_iter,10000000,20.9106605052948,3.7.9
generator_iter,10000000,20.777786254882812,3.7.9
generator_iter,10000000,23.25006914138794,3.7.9
generator_iter,10000000,21.442169666290283,3.7.9
generator_iter,10000000,20.546717882156372,3.7.9
generator_iter,10000000,22.513907194137573,3.7.9
generator_iter,10000000,21.682530164718628,3.7.9
generator_iter,10000000,22.126255750656128,3.7.9
generator_iter,10000000,20.882546424865723,3.7.9
generator_iter,10000000,23.034374952316284,3.7.9
generator_iter,10000000,20.9106605052948,3.7.9
generator_iter,10000000,20.777786254882812,3.7.9
generator_iter,10000000,23.25006914138794,3.7.9
generator_iter,10000000,21.442169666290283,3.7.9
generator_iter,10000000,20.546717882156372,3.7.9
generator_iter,10000000,22.513907194137573,3.7.9
generator_iter,10000000,21.682530164718628,3.7.9
generator_iter,10000000,22.126255750656128,3.7.9
generator_iter,10000000,20.882546424865723,3.7.9
generator_iter,10000000,23.034374952316284,3.7.9
generator_iter,10000000,20.9106605052948,3.7.9
generator_iter,10000000,20.777786254882812,3.7.9
generator_iter,10000000,23.25006914138794,3.7.9
generator_iter,10000000,21.442169666290283,3.7.9
generator_iter,10000000,20.546717882156372,3.7.9
generator_iter,10000000,22.513907194137573,3.7.9
generator_iter,10000000,21.682530164718628,3.7.9
generator_iter,10000000,22.126255750656128,3.7.9
generator_iter,10000000,20.882546424865723,3.7.9
generator_iter,10000000,23.034374952316284,3.7.9
generator_iter,10000000,20.9106605052948,3.7.9
generator_iter,10000000,20.777786254882812,3.7.9
generator_iter,10000000,23.25006914138794,3.7.9
generator_iter,10000000,21.442169666290283,3.7.9
generator_iter,10000000,20.546717882156372,3.7.9
generator_iter,10000000,22.513907194137573,3.7.9
generator_iter,10000000,21.682530164718628,3.7.9
generator_iter,10000000,22.126255750656128,3.7.9
generator_iter,10000000,20.882546424865723,3.7.9
generator_iter,10000000,23.034374952316284,3.7.9
generator_iter,10000000,20.9106605052948,3.7.9
generator_iter,10000000,20.777786254882812,3.7.9
generator_iter,10000000,23.25006914138794,3.7.9
generator_iter,10000000,21.442169666290283,3.7.9
generator_iter,10000000,20.546717882156372,3.7.9
generator_iter,10000000,22.513907194137573,3.7.9
generator_iter,10000000,21.682530164718628,3.7.9
generator_iter,10000000,22.126255750656128,3.7.9
generator_iter,10000000,20.882546424865723,3.7.9
generator_iter,10000000,23.034374952316284,3.7.9
generator_iter,10000000,20.9106605052948,3.7.9
generator_iter,10000000,20.777786254882812,3.7.9
generator_iter,10000000,23.25006914138794,3.7.9
generator_iter,10000000,21.442169666290283,3.7.9
generator_iter,10000000,20.546717882156372,3.7.9
generator_iter,10000000,22.513907194137573,3.7.9
generator_iter,10000000,21.682530164718628,3.7.9
generator_iter,10000000,22.126255750656128,3.7.9
generator_iter,10000000,20.882546424865723,3.7.9
generator_iter,10000000,23.034374952316284,3.7.9
generator_iter,10000000,20.9106605052948,3.7.9
generator_iter,10000000,20.777786254882812,3.7.9
generator_iter,10000000,23.25006914138794,3.7.9
generator_iter,10000000,21.442169666290283,3.7.9
generator_iter,10000000,20.546717882156372,3.7.9
generator_iter,10000000,22.513907194137573,3.7.9
generator_iter,10000000,21.682530164718628,3.7.9
generator_iter,10000000,22.126255750656128,3.7.9
generator_iter,10000000,20.882546424865723,3.7.9
generator_iter,10000000,23.034374952316284,3.7.9
generator_iter,10000000,20.9106605052948,3.7.9
generator_iter,10000000,20.777786254882812,3.7.9
generator_iter,10000000,23.25006914138794,3.7.9
generator_iter,10000000,21.442169666290283,3.7.9
generator_iter,10000000,20.546717882156372,3.7.9
generator_iter,10000000,22.513907194137573,3.7.9
generator_iter,10000000,21.682530164718628,3.7.9
generator_iter,10000000,22.126255750656128,3.7.9
generator_iter,10000000,20.882546424865723,3.7.9
generator_iter,10000000,23.034374952316284,3.7.9
generator_iter,10000000,20.9106605052948,3.7.9
generator_iter,10000000,20.777786254882812,3.7.9
generator_iter,10000000,21.20283603668213,3.8.10
generator_iter,10000000,20.3995258808136,3.8.10
generator_iter,10000000,20.136014461517334,3.8.10
generator_iter,10000000,20.81913113594055,3.8.10
generator_iter,10000000,20.39013361930847,3.8.10
generator_iter,10000000,20.233821868896484,3.8.10
generator_iter,10000000,21.063292741775513,3.8.10
generator_iter,10000000,20.01983618736267,3.8.10
generator_iter,10000000,20.242069721221924,3.8.10
generator_iter,10000000,20.231789112091064,3.8.10
generator_iter,10000000,21.20283603668213,3.8.10
generator_iter,10000000,20.3995258808136,3.8.10
generator_iter,10000000,20.136014461517334,3.8.10
generator_iter,10000000,20.81913113594055,3.8.10
generator_iter,10000000,20.39013361930847,3.8.10
generator_iter,10000000,20.233821868896484,3.8.10
generator_iter,10000000,21.063292741775513,3.8.10
generator_iter,10000000,20.01983618736267,3.8.10
generator_iter,10000000,20.242069721221924,3.8.10
generator_iter,10000000,20.231789112091064,3.8.10
generator_iter,10000000,21.20283603668213,3.8.10
generator_iter,10000000,20.3995258808136,3.8.10
generator_iter,10000000,20.136014461517334,3.8.10
generator_iter,10000000,20.81913113594055,3.8.10
generator_iter,10000000,20.39013361930847,3.8.10
generator_iter,10000000,20.233821868896484,3.8.10
generator_iter,10000000,21.063292741775513,3.8.10
generator_iter,10000000,20.01983618736267,3.8.10
generator_iter,10000000,20.242069721221924,3.8.10
generator_iter,10000000,20.231789112091064,3.8.10
generator_iter,10000000,21.20283603668213,3.8.10
generator_iter,10000000,20.3995258808136,3.8.10
generator_iter,10000000,20.136014461517334,3.8.10
generator_iter,10000000,20.81913113594055,3.8.10
generator_iter,10000000,20.39013361930847,3.8.10
generator_iter,10000000,20.233821868896484,3.8.10
generator_iter,10000000,21.063292741775513,3.8.10
generator_iter,10000000,20.01983618736267,3.8.10
generator_iter,10000000,20.242069721221924,3.8.10
generator_iter,10000000,20.231789112091064,3.8.10
generator_iter,10000000,21.20283603668213,3.8.10
generator_iter,10000000,20.3995258808136,3.8.10
generator_iter,10000000,20.136014461517334,3.8.10
generator_iter,10000000,20.81913113594055,3.8.10
generator_iter,10000000,20.39013361930847,3.8.10
generator_iter,10000000,20.233821868896484,3.8.10
generator_iter,10000000,21.063292741775513,3.8.10
generator_iter,10000000,20.01983618736267,3.8.10
generator_iter,10000000,20.242069721221924,3.8.10
generator_iter,10000000,20.231789112091064,3.8.10
generator_iter,10000000,21.20283603668213,3.8.10
generator_iter,10000000,20.3995258808136,3.8.10
generator_iter,10000000,20.136014461517334,3.8.10
generator_iter,10000000,20.81913113594055,3.8.10
generator_iter,10000000,20.39013361930847,3.8.10
generator_iter,10000000,20.233821868896484,3.8.10
generator_iter,10000000,21.063292741775513,3.8.10
generator_iter,10000000,20.01983618736267,3.8.10
generator_iter,10000000,20.242069721221924,3.8.10
generator_iter,10000000,20.231789112091064,3.8.10
generator_iter,10000000,21.20283603668213,3.8.10
generator_iter,10000000,20.3995258808136,3.8.10
generator_iter,10000000,20.136014461517334,3.8.10
generator_iter,10000000,20.81913113594055,3.8.10
generator_iter,10000000,20.39013361930847,3.8.10
generator_iter,10000000,20.233821868896484,3.8.10
generator_iter,10000000,21.063292741775513,3.8.10
generator_iter,10000000,20.01983618736267,3.8.10
generator_iter,10000000,20.242069721221924,3.8.10
generator_iter,10000000,20.231789112091064,3.8.10
generator_iter,10000000,21.20283603668213,3.8.10
generator_iter,10000000,20.3995258808136,3.8.10
generator_iter,10000000,20.136014461517334,3.8.10
generator_iter,10000000,20.81913113594055,3.8.10
generator_iter,10000000,20.39013361930847,3.8.10
generator_iter,10000000,20.233821868896484,3.8.10
generator_iter,10000000,21.063292741775513,3.8.10
generator_iter,10000000,20.01983618736267,3.8.10
generator_iter,10000000,20.242069721221924,3.8.10
generator_iter,10000000,20.231789112091064,3.8.10
generator_iter,10000000,21.20283603668213,3.8.10
generator_iter,10000000,20.3995258808136,3.8.10
generator_iter,10000000,20.136014461517334,3.8.10
generator_iter,10000000,20.81913113594055,3.8.10
generator_iter,10000000,20.39013361930847,3.8.10
generator_iter,10000000,20.233821868896484,3.8.10
generator_iter,10000000,21.063292741775513,3.8.10
generator_iter,10000000,20.01983618736267,3.8.10
generator_iter,10000000,20.242069721221924,3.8.10
generator_iter,10000000,20.231789112091064,3.8.10
generator_iter,10000000,21.20283603668213,3.8.10
generator_iter,10000000,20.3995258808136,3.8.10
generator_iter,10000000,20.136014461517334,3.8.10
generator_iter,10000000,20.81913113594055,3.8.10
generator_iter,10000000,20.39013361930847,3.8.10
generator_iter,10000000,20.233821868896484,3.8.10
generator_iter,10000000,21.063292741775513,3.8.10
generator_iter,10000000,20.01983618736267,3.8.10
generator_iter,10000000,20.242069721221924,3.8.10
generator_iter,10000000,20.231789112091064,3.8.10
generator_iter,10000000,18.533846616744995,3.9.13
generator_iter,10000000,18.511119842529297,3.9.13
generator_iter,10000000,18.563169956207275,3.9.13
generator_iter,10000000,18.935535669326782,3.9.13
generator_iter,10000000,22.022773027420044,3.9.13
generator_iter,10000000,18.721848726272583,3.9.13
generator_iter,10000000,24.167936325073242,3.9.13
generator_iter,10000000,19.06482219696045,3.9.13
generator_iter,10000000,20.61746859550476,3.9.13
generator_iter,10000000,19.5749351978302,3.9.13
generator_iter,10000000,18.533846616744995,3.9.13
generator_iter,10000000,18.511119842529297,3.9.13
generator_iter,10000000,18.563169956207275,3.9.13
generator_iter,10000000,18.935535669326782,3.9.13
generator_iter,10000000,22.022773027420044,3.9.13
generator_iter,10000000,18.721848726272583,3.9.13
generator_iter,10000000,24.167936325073242,3.9.13
generator_iter,10000000,19.06482219696045,3.9.13
generator_iter,10000000,20.61746859550476,3.9.13
generator_iter,10000000,19.5749351978302,3.9.13
generator_iter,10000000,18.533846616744995,3.9.13
generator_iter,10000000,18.511119842529297,3.9.13
generator_iter,10000000,18.563169956207275,3.9.13
generator_iter,10000000,18.935535669326782,3.9.13
generator_iter,10000000,22.022773027420044,3.9.13
generator_iter,10000000,18.721848726272583,3.9.13
generator_iter,10000000,24.167936325073242,3.9.13
generator_iter,10000000,19.06482219696045,3.9.13
generator_iter,10000000,20.61746859550476,3.9.13
generator_iter,10000000,19.5749351978302,3.9.13
generator_iter,10000000,18.533846616744995,3.9.13
generator_iter,10000000,18.511119842529297,3.9.13
generator_iter,10000000,18.563169956207275,3.9.13
generator_iter,10000000,18.935535669326782,3.9.13
generator_iter,10000000,22.022773027420044,3.9.13
generator_iter,10000000,18.721848726272583,3.9.13
generator_iter,10000000,24.167936325073242,3.9.13
generator_iter,10000000,19.06482219696045,3.9.13
generator_iter,10000000,20.61746859550476,3.9.13
generator_iter,10000000,19.5749351978302,3.9.13
generator_iter,10000000,18.533846616744995,3.9.13
generator_iter,10000000,18.511119842529297,3.9.13
generator_iter,10000000,18.563169956207275,3.9.13
generator_iter,10000000,18.935535669326782,3.9.13
generator_iter,10000000,22.022773027420044,3.9.13
generator_iter,10000000,18.721848726272583,3.9.13
generator_iter,10000000,24.167936325073242,3.9.13
generator_iter,10000000,19.06482219696045,3.9.13
generator_iter,10000000,20.61746859550476,3.9.13
generator_iter,10000000,19.5749351978302,3.9.13
generator_iter,10000000,18.533846616744995,3.9.13
generator_iter,10000000,18.511119842529297,3.9.13
generator_iter,10000000,18.563169956207275,3.9.13
generator_iter,10000000,18.935535669326782,3.9.13
generator_iter,10000000,22.022773027420044,3.9.13
generator_iter,10000000,18.721848726272583,3.9.13
generator_iter,10000000,24.167936325073242,3.9.13
generator_iter,10000000,19.06482219696045,3.9.13
generator_iter,10000000,20.61746859550476,3.9.13
generator_iter,10000000,19.5749351978302,3.9.13
generator_iter,10000000,18.533846616744995,3.9.13
generator_iter,10000000,18.511119842529297,3.9.13
generator_iter,10000000,18.563169956207275,3.9.13
generator_iter,10000000,18.935535669326782,3.9.13
generator_iter,10000000,22.022773027420044,3.9.13
generator_iter,10000000,18.721848726272583,3.9.13
generator_iter,10000000,24.167936325073242,3.9.13
generator_iter,10000000,19.06482219696045,3.9.13
generator_iter,10000000,20.61746859550476,3.9.13
generator_iter,10000000,19.5749351978302,3.9.13
generator_iter,10000000,18.533846616744995,3.9.13
generator_iter,10000000,18.511119842529297,3.9.13
generator_iter,10000000,18.563169956207275,3.9.13
generator_iter,10000000,18.935535669326782,3.9.13
generator_iter,10000000,22.022773027420044,3.9.13
generator_iter,10000000,18.721848726272583,3.9.13
generator_iter,10000000,24.167936325073242,3.9.13
generator_iter,10000000,19.06482219696045,3.9.13
generator_iter,10000000,20.61746859550476,3.9.13
generator_iter,10000000,19.5749351978302,3.9.13
generator_iter,10000000,18.533846616744995,3.9.13
generator_iter,10000000,18.511119842529297,3.9.13
generator_iter,10000000,18.563169956207275,3.9.13
generator_iter,10000000,18.935535669326782,3.9.13
generator_iter,10000000,22.022773027420044,3.9.13
generator_iter,10000000,18.721848726272583,3.9.13
generator_iter,10000000,24.167936325073242,3.9.13
generator_iter,10000000,19.06482219696045,3.9.13
generator_iter,10000000,20.61746859550476,3.9.13
generator_iter,10000000,19.5749351978302,3.9.13
generator_iter,10000000,18.533846616744995,3.9.13
generator_iter,10000000,18.511119842529297,3.9.13
generator_iter,10000000,18.563169956207275,3.9.13
generator_iter,10000000,18.935535669326782,3.9.13
generator_iter,10000000,22.022773027420044,3.9.13
generator_iter,10000000,18.721848726272583,3.9.13
generator_iter,10000000,24.167936325073242,3.9.13
generator_iter,10000000,19.06482219696045,3.9.13
generator_iter,10000000,20.61746859550476,3.9.13
generator_iter,10000000,19.5749351978302,3.9.13
generator_iter,10000000,19.558257818222046,3.10.11
generator_iter,10000000,19.61032247543335,3.10.11
generator_iter,10000000,17.91084051132202,3.10.11
generator_iter,10000000,18.452980518341064,3.10.11
generator_iter,10000000,18.53749656677246,3.10.11
generator_iter,10000000,18.368582487106323,3.10.11
generator_iter,10000000,18.941664695739746,3.10.11
generator_iter,10000000,17.99332571029663,3.10.11
generator_iter,10000000,18.194445371627808,3.10.11
generator_iter,10000000,18.33184051513672,3.10.11
generator_iter,10000000,19.558257818222046,3.10.11
generator_iter,10000000,19.61032247543335,3.10.11
generator_iter,10000000,17.91084051132202,3.10.11
generator_iter,10000000,18.452980518341064,3.10.11
generator_iter,10000000,18.53749656677246,3.10.11
generator_iter,10000000,18.368582487106323,3.10.11
generator_iter,10000000,18.941664695739746,3.10.11
generator_iter,10000000,17.99332571029663,3.10.11
generator_iter,10000000,18.194445371627808,3.10.11
generator_iter,10000000,18.33184051513672,3.10.11
generator_iter,10000000,19.558257818222046,3.10.11
generator_iter,10000000,19.61032247543335,3.10.11
generator_iter,10000000,17.91084051132202,3.10.11
generator_iter,10000000,18.452980518341064,3.10.11
generator_iter,10000000,18.53749656677246,3.10.11
generator_iter,10000000,18.368582487106323,3.10.11
generator_iter,10000000,18.941664695739746,3.10.11
generator_iter,10000000,17.99332571029663,3.10.11
generator_iter,10000000,18.194445371627808,3.10.11
generator_iter,10000000,18.33184051513672,3.10.11
generator_iter,10000000,19.558257818222046,3.10.11
generator_iter,10000000,19.61032247543335,3.10.11
generator_iter,10000000,17.91084051132202,3.10.11
generator_iter,10000000,18.452980518341064,3.10.11
generator_iter,10000000,18.53749656677246,3.10.11
generator_iter,10000000,18.368582487106323,3.10.11
generator_iter,10000000,18.941664695739746,3.10.11
generator_iter,10000000,17.99332571029663,3.10.11
generator_iter,10000000,18.194445371627808,3.10.11
generator_iter,10000000,18.33184051513672,3.10.11
generator_iter,10000000,19.558257818222046,3.10.11
generator_iter,10000000,19.61032247543335,3.10.11
generator_iter,10000000,17.91084051132202,3.10.11
generator_iter,10000000,18.452980518341064,3.10.11
generator_iter,10000000,18.53749656677246,3.10.11
generator_iter,10000000,18.368582487106323,3.10.11
generator_iter,10000000,18.941664695739746,3.10.11
generator_iter,10000000,17.99332571029663,3.10.11
generator_iter,10000000,18.194445371627808,3.10.11
generator_iter,10000000,18.33184051513672,3.10.11
generator_iter,10000000,19.558257818222046,3.10.11
generator_iter,10000000,19.61032247543335,3.10.11
generator_iter,10000000,17.91084051132202,3.10.11
generator_iter,10000000,18.452980518341064,3.10.11
generator_iter,10000000,18.53749656677246,3.10.11
generator_iter,10000000,18.368582487106323,3.10.11
generator_iter,10000000,18.941664695739746,3.10.11
generator_iter,10000000,17.99332571029663,3.10.11
generator_iter,10000000,18.194445371627808,3.10.11
generator_iter,10000000,18.33184051513672,3.10.11
generator_iter,10000000,19.558257818222046,3.10.11
generator_iter,10000000,19.61032247543335,3.10.11
generator_iter,10000000,17.91084051132202,3.10.11
generator_iter,10000000,18.452980518341064,3.10.11
generator_iter,10000000,18.53749656677246,3.10.11
generator_iter,10000000,18.368582487106323,3.10.11
generator_iter,10000000,18.941664695739746,3.10.11
generator_iter,10000000,17.99332571029663,3.10.11
generator_iter,10000000,18.194445371627808,3.10.11
generator_iter,10000000,18.33184051513672,3.10.11
generator_iter,10000000,19.558257818222046,3.10.11
generator_iter,10000000,19.61032247543335,3.10.11
generator_iter,10000000,17.91084051132202,3.10.11
generator_iter,10000000,18.452980518341064,3.10.11
generator_iter,10000000,18.53749656677246,3.10.11
generator_iter,10000000,18.368582487106323,3.10.11
generator_iter,10000000,18.941664695739746,3.10.11
generator_iter,10000000,17.99332571029663,3.10.11
generator_iter,10000000,18.194445371627808,3.10.11
generator_iter,10000000,18.33184051513672,3.10.11
generator_iter,10000000,19.558257818222046,3.10.11
generator_iter,10000000,19.61032247543335,3.10.11
generator_iter,10000000,17.91084051132202,3.10.11
generator_iter,10000000,18.452980518341064,3.10.11
generator_iter,10000000,18.53749656677246,3.10.11
generator_iter,10000000,18.368582487106323,3.10.11
generator_iter,10000000,18.941664695739746,3.10.11
generator_iter,10000000,17.99332571029663,3.10.11
generator_iter,10000000,18.194445371627808,3.10.11
generator_iter,10000000,18.33184051513672,3.10.11
generator_iter,10000000,19.558257818222046,3.10.11
generator_iter,10000000,19.61032247543335,3.10.11
generator_iter,10000000,17.91084051132202,3.10.11
generator_iter,10000000,18.452980518341064,3.10.11
generator_iter,10000000,18.53749656677246,3.10.11
generator_iter,10000000,18.368582487106323,3.10.11
generator_iter,10000000,18.941664695739746,3.10.11
generator_iter,10000000,17.99332571029663,3.10.11
generator_iter,10000000,18.194445371627808,3.10.11
generator_iter,10000000,18.33184051513672,3.10.11
generator_iter,10000000,19.677669525146484,3.11.3
generator_iter,10000000,19.00062847137451,3.11.3
generator_iter,10000000,19.039284706115723,3.11.3
generator_iter,10000000,22.904780864715576,3.11.3
generator_iter,10000000,20.556796312332153,3.11.3
generator_iter,10000000,19.276182889938354,3.11.3
generator_iter,10000000,19.032328605651855,3.11.3
generator_iter,10000000,18.0551860332489,3.11.3
generator_iter,10000000,19.801013708114624,3.11.3
generator_iter,10000000,19.180994033813477,3.11.3
generator_iter,10000000,19.677669525146484,3.11.3
generator_iter,10000000,19.00062847137451,3.11.3
generator_iter,10000000,19.039284706115723,3.11.3
generator_iter,10000000,22.904780864715576,3.11.3
generator_iter,10000000,20.556796312332153,3.11.3
generator_iter,10000000,19.276182889938354,3.11.3
generator_iter,10000000,19.032328605651855,3.11.3
generator_iter,10000000,18.0551860332489,3.11.3
generator_iter,10000000,19.801013708114624,3.11.3
generator_iter,10000000,19.180994033813477,3.11.3
generator_iter,10000000,19.677669525146484,3.11.3
generator_iter,10000000,19.00062847137451,3.11.3
generator_iter,10000000,19.039284706115723,3.11.3
generator_iter,10000000,22.904780864715576,3.11.3
generator_iter,10000000,20.556796312332153,3.11.3
generator_iter,10000000,19.276182889938354,3.11.3
generator_iter,10000000,19.032328605651855,3.11.3
generator_iter,10000000,18.0551860332489,3.11.3
generator_iter,10000000,19.801013708114624,3.11.3
generator_iter,10000000,19.180994033813477,3.11.3
generator_iter,10000000,19.677669525146484,3.11.3
generator_iter,10000000,19.00062847137451,3.11.3
generator_iter,10000000,19.039284706115723,3.11.3
generator_iter,10000000,22.904780864715576,3.11.3
generator_iter,10000000,20.556796312332153,3.11.3
generator_iter,10000000,19.276182889938354,3.11.3
generator_iter,10000000,19.032328605651855,3.11.3
generator_iter,10000000,18.0551860332489,3.11.3
generator_iter,10000000,19.801013708114624,3.11.3
generator_iter,10000000,19.180994033813477,3.11.3
generator_iter,10000000,19.677669525146484,3.11.3
generator_iter,10000000,19.00062847137451,3.11.3
generator_iter,10000000,19.039284706115723,3.11.3
generator_iter,10000000,22.904780864715576,3.11.3
generator_iter,10000000,20.556796312332153,3.11.3
generator_iter,10000000,19.276182889938354,3.11.3
generator_iter,10000000,19.032328605651855,3.11.3
generator_iter,10000000,18.0551860332489,3.11.3
generator_iter,10000000,19.801013708114624,3.11.3
generator_iter,10000000,19.180994033813477,3.11.3
generator_iter,10000000,19.677669525146484,3.11.3
generator_iter,10000000,19.00062847137451,3.11.3
generator_iter,10000000,19.039284706115723,3.11.3
generator_iter,10000000,22.904780864715576,3.11.3
generator_iter,10000000,20.556796312332153,3.11.3
generator_iter,10000000,19.276182889938354,3.11.3
generator_iter,10000000,19.032328605651855,3.11.3
generator_iter,10000000,18.0551860332489,3.11.3
generator_iter,10000000,19.801013708114624,3.11.3
generator_iter,10000000,19.180994033813477,3.11.3
generator_iter,10000000,19.677669525146484,3.11.3
generator_iter,10000000,19.00062847137451,3.11.3
generator_iter,10000000,19.039284706115723,3.11.3
generator_iter,10000000,22.904780864715576,3.11.3
generator_iter,10000000,20.556796312332153,3.11.3
generator_iter,10000000,19.276182889938354,3.11.3
generator_iter,10000000,19.032328605651855,3.11.3
generator_iter,10000000,18.0551860332489,3.11.3
generator_iter,10000000,19.801013708114624,3.11.3
generator_iter,10000000,19.180994033813477,3.11.3
generator_iter,10000000,19.677669525146484,3.11.3
generator_iter,10000000,19.00062847137451,3.11.3
generator_iter,10000000,19.039284706115723,3.11.3
generator_iter,10000000,22.904780864715576,3.11.3
generator_iter,10000000,20.556796312332153,3.11.3
generator_iter,10000000,19.276182889938354,3.11.3
generator_iter,10000000,19.032328605651855,3.11.3
generator_iter,10000000,18.0551860332489,3.11.3
generator_iter,10000000,19.801013708114624,3.11.3
generator_iter,10000000,19.180994033813477,3.11.3
generator_iter,10000000,19.677669525146484,3.11.3
generator_iter,10000000,19.00062847137451,3.11.3
generator_iter,10000000,19.039284706115723,3.11.3
generator_iter,10000000,22.904780864715576,3.11.3
generator_iter,10000000,20.556796312332153,3.11.3
generator_iter,10000000,19.276182889938354,3.11.3
generator_iter,10000000,19.032328605651855,3.11.3
generator_iter,10000000,18.0551860332489,3.11.3
generator_iter,10000000,19.801013708114624,3.11.3
generator_iter,10000000,19.180994033813477,3.11.3
generator_iter,10000000,19.677669525146484,3.11.3
generator_iter,10000000,19.00062847137451,3.11.3
generator_iter,10000000,19.039284706115723,3.11.3
generator_iter,10000000,22.904780864715576,3.11.3
generator_iter,10000000,20.556796312332153,3.11.3
generator_iter,10000000,19.276182889938354,3.11.3
generator_iter,10000000,19.032328605651855,3.11.3
generator_iter,10000000,18.0551860332489,3.11.3
generator_iter,10000000,19.801013708114624,3.11.3
generator_iter,10000000,19.180994033813477,3.11.3
